{
  "cold_start": [
    3360.512098999834
  ],
  "warm_starts": [
    3.408239999998841,
    2.115780999929484,
    2.0350380000309087,
    2.094201000090834,
    2.2318229998745664
  ]
}